year,month,rate_percent,revenue_ruling,irb_cite,table,authority_url,note
2015,1,2.2,Rev. Rul. 2015-1,2015-04 I.R.B. 331,"Table 5, Rate Under Section 7520 for January 2015",https://www.irs.gov/pub/irs-irbs/irb15-04.pdf,
2015,2,2.0,Rev. Rul. 2015-3,2015-06 I.R.B. 580,"Table 5, Rate Under Section 7520 for February 2015",https://www.irs.gov/pub/irs-irbs/irb15-06.pdf,
2015,3,1.8,Rev. Rul. 2015-4,2015-10 I.R.B. 743,"Table 5, Rate Under Section 7520 for March 2015",https://www.irs.gov/pub/irs-irbs/irb15-10.pdf,
2015,4,2.0,Rev. Rul. 2015-7,2015-14 I.R.B. 849,"Table 5, Rate Under Section 7520 for April 2015",https://www.irs.gov/pub/irs-irbs/irb15-14.pdf,
2015,5,1.8,Rev. Rul. 2015-8,2015-18 I.R.B. 945,"Table 5, Rate Under Section 7520 for May 2015",https://www.irs.gov/pub/irs-irbs/irb15-18.pdf,
2015,6,2.0,Rev. Rul. 2015-14,2015-22 I.R.B. 1012,"Table 5, Rate Under Section 7520 for June 2015",https://www.irs.gov/pub/irs-irbs/irb15-22.pdf,
2015,7,2.2,Rev. Rul. 2015-15,2015-27 I.R.B. 1,"Table 5, Rate Under Section 7520 for July 2015",https://www.irs.gov/pub/irs-irbs/irb15-27.pdf,
2015,8,2.2,Rev. Rul. 2015-16,2015-31 I.R.B. 130,"Table 5, Rate Under Section 7520 for August 2015",https://www.irs.gov/pub/irs-irbs/irb15-31.pdf,
2015,9,2.2,Rev. Rul. 2015-19,2015-36 I.R.B. 291,"Table 5, Rate Under Section 7520 for September 2015",https://www.irs.gov/pub/irs-irbs/irb15-36.pdf,
2015,10,2.0,Rev. Rul. 2015-21,2015-40 I.R.B. 447,"Table 5, Rate Under Section 7520 for October 2015",https://www.irs.gov/pub/irs-irbs/irb15-40.pdf,
2015,11,2.0,Rev. Rul. 2015-22,2015-44 I.R.B. 610,"Table 5, Rate Under Section 7520 for November 2015",https://www.irs.gov/pub/irs-irbs/irb15-44.pdf,
2015,12,2.0,Rev. Rul. 2015-25,2015-49 I.R.B. 695,"Table 5, Rate Under Section 7520 for December 2015",https://www.irs.gov/pub/irs-irbs/irb15-49.pdf,
2016,1,2.2,Rev. Rul. 2016-1,2016-02 I.R.B. 262,"Table 5, Rate Under Section 7520 for January 2016",https://www.irs.gov/pub/irs-irbs/irb16-02.pdf,
2016,2,2.2,Rev. Rul. 2016-4,2016-06 I.R.B. 299,"Table 5, Rate Under Section 7520 for February 2016",https://www.irs.gov/pub/irs-irbs/irb16-06.pdf,
2016,3,1.8,Rev. Rul. 2016-7,2016-10 I.R.B. 391,"Table 5, Rate Under Section 7520 for March 2016",https://www.irs.gov/pub/irs-irbs/irb16-10.pdf,
2016,4,1.8,Rev. Rul. 2016-9,2016-14 I.R.B. 530,"Table 5, Rate Under Section 7520 for April 2016",https://www.irs.gov/pub/irs-irbs/irb16-14.pdf,
2016,5,1.8,Rev. Rul. 2016-11,2016-19 I.R.B. 717,"Table 5, Rate Under Section 7520 for May 2016",https://www.irs.gov/pub/irs-irbs/irb16-19.pdf,
2016,6,1.8,Rev. Rul. 2016-13,2016-23 I.R.B. 1022,"Table 5, Rate Under Section 7520 for June 2016",https://www.irs.gov/pub/irs-irbs/irb16-23.pdf,
2016,7,1.8,Rev. Rul. 2016-17,2016-27 I.R.B. 1,"Table 5, Rate Under Section 7520 for July 2016",https://www.irs.gov/pub/irs-irbs/irb16-27.pdf,
2016,8,1.4,Rev. Rul. 2016-18,2016-31 I.R.B. 194,"Table 5, Rate Under Section 7520 for August 2016",https://www.irs.gov/pub/irs-irbs/irb16-31.pdf,
2016,9,1.4,Rev. Rul. 2016-20,2016-36 I.R.B. 279,"Table 5, Rate Under Section 7520 for September 2016",https://www.irs.gov/pub/irs-irbs/irb16-36.pdf,
2016,10,1.6,Rev. Rul. 2016-25,2016-41 I.R.B. 435,"Table 5, Rate Under Section 7520 for October 2016",https://www.irs.gov/pub/irs-irbs/irb16-41.pdf,
2016,11,1.6,Rev. Rul. 2016-26,2016-45 I.R.B. 538,"Table 5, Rate Under Section 7520 for November 2016",https://www.irs.gov/pub/irs-irbs/irb16-45.pdf,
2016,12,1.8,Rev. Rul. 2016-27,2016-49 I.R.B. 781,"Table 5, Rate Under Section 7520 for December 2016",https://www.irs.gov/pub/irs-irbs/irb16-49.pdf,
2017,1,2.4,Rev. Rul. 2017-2,2017-02 I.R.B. 364,"Table 5, Rate Under Section 7520 for January 2017",https://www.irs.gov/pub/irs-irbs/irb17-02.pdf,
2017,2,2.6,Rev. Rul. 2017-4,2017-06 I.R.B. 776,"Table 5, Rate Under Section 7520 for February 2017",https://www.irs.gov/pub/irs-irbs/irb17-06.pdf,
2017,3,2.4,Rev. Rul. 2017-7,2017-10 I.R.B. 1007,"Table 5, Rate Under Section 7520 for March 2017",https://www.irs.gov/pub/irs-irbs/irb17-10.pdf,
2017,4,2.6,Rev. Rul. 2017-8,2017-14 I.R.B. 1037,"Table 5, Rate Under Section 7520 for April 2017",https://www.irs.gov/pub/irs-irbs/irb17-14.pdf,
2017,5,2.4,Rev. Rul. 2017-11,2017-19 I.R.B. 1230,"Table 5, Rate Under Section 7520 for May 2017",https://www.irs.gov/pub/irs-irbs/irb17-19.pdf,
2017,6,2.4,Rev. Rul. 2017-12,2017-23 I.R.B. 1260,"Table 5, Rate Under Section 7520 for June 2017",https://www.irs.gov/pub/irs-irbs/irb17-23.pdf,
2017,7,2.2,Rev. Rul. 2017-14,2017-27 I.R.B. 2,"Table 5, Rate Under Section 7520 for July 2017",https://www.irs.gov/pub/irs-irbs/irb17-27.pdf,
2017,8,2.4,Rev. Rul. 2017-15,2017-32 I.R.B. 176,"Table 5, Rate Under Section 7520 for August 2017",https://www.irs.gov/pub/irs-irbs/irb17-32.pdf,
2017,9,2.4,Rev. Rul. 2017-17,2017-36 I.R.B. 222,"Table 5, Rate Under Section 7520 for September 2017",https://www.irs.gov/pub/irs-irbs/irb17-36.pdf,
2017,10,2.2,Rev. Rul. 2017-20,2017-41 I.R.B. 273,"Table 5, Rate Under Section 7520 for October 2017",https://www.irs.gov/pub/irs-irbs/irb17-41.pdf,
2017,11,2.4,Rev. Rul. 2017-21,2017-45 I.R.B. 482,"Table 5, Rate Under Section 7520 for November 2017",https://www.irs.gov/pub/irs-irbs/irb17-45.pdf,
2017,12,2.6,Rev. Rul. 2017-24,2017-49 I.R.B. 556,"Table 5, Rate Under Section 7520 for December 2017",https://www.irs.gov/pub/irs-irbs/irb17-49.pdf,
2018,1,2.6,Rev. Rul. 2018-1,2018-02 I.R.B. 275,"Table 5, Rate Under Section 7520 for January 2018",https://www.irs.gov/pub/irs-irbs/irb18-02.pdf,
2018,2,2.8,Rev. Rul. 2018-5,2018-06 I.R.B. 339,"Table 5, Rate Under Section 7520 for February 2018",https://www.irs.gov/pub/irs-irbs/irb18-06.pdf,
2018,3,3.0,Rev. Rul. 2018-6,2018-10 I.R.B. 388,"Table 5, Rate Under Section 7520 for March 2018",https://www.irs.gov/pub/irs-irbs/irb18-10.pdf,
2018,4,3.2,Rev. Rul. 2018-9,2018-14 I.R.B. 462,"Table 5, Rate Under Section 7520 for April 2018",https://www.irs.gov/pub/irs-irbs/irb18-14.pdf,
2018,5,3.2,Rev. Rul. 2018-12,2018-20 I.R.B. 575,"Table 5, Rate Under Section 7520 for May 2018",https://www.irs.gov/pub/irs-irbs/irb18-20.pdf,
2018,6,3.4,Rev. Rul. 2018-16,2018-23 I.R.B. 737,"Table 5, Rate Under Section 7520 for June 2018",https://www.irs.gov/pub/irs-irbs/irb18-23.pdf,
2018,7,3.4,Rev. Rul. 2018-19,2018-27 I.R.B. 1,"Table 5, Rate Under Section 7520 for July 2018",https://www.irs.gov/pub/irs-irbs/irb18-27.pdf,
2018,8,3.4,Rev. Rul. 2018-21,2018-32 I.R.B. 282,"Table 5, Rate Under Section 7520 for August 2018",https://www.irs.gov/pub/irs-irbs/irb18-32.pdf,
2018,9,3.4,Rev. Rul. 2018-23,2018-36 I.R.B. 405,"Table 5, Rate Under Section 7520 for September 2018",https://www.irs.gov/pub/irs-irbs/irb18-36.pdf,IRB table caption misprints the ruling as Rev. Rul. 2018-21
2018,10,3.4,Rev. Rul. 2018-27,2018-41 I.R.B. 546,"Table 5, Rate Under Section 7520 for October 2018",https://www.irs.gov/pub/irs-irbs/irb18-41.pdf,
2018,11,3.6,Rev. Rul. 2018-28,2018-45 I.R.B. 764,"Table 5, Rate Under Section 7520 for November 2018",https://www.irs.gov/pub/irs-irbs/irb18-45.pdf,
2018,12,3.6,Rev. Rul. 2018-30,2018-49 I.R.B. 815,"Table 5, Rate Under Section 7520 for December 2018",https://www.irs.gov/pub/irs-irbs/irb18-49.pdf,
2019,1,3.4,Rev. Rul. 2019-3,2019-02 I.R.B. 272,"Table 5, Rate Under Section 7520 for January 2019",https://www.irs.gov/pub/irs-irbs/irb19-02.pdf,
2019,2,3.2,Rev. Rul. 2019-4,2019-07 I.R.B. 567,"Table 5, Rate Under Section 7520 for February 2019",https://www.irs.gov/pub/irs-irbs/irb19-07.pdf,
2019,3,3.2,Rev. Rul. 2019-7,2019-10 I.R.B. 761,"Table 5, Rate Under Section 7520 for March 2019",https://www.irs.gov/pub/irs-irbs/irb19-10.pdf,
2019,4,3.0,Rev. Rul. 2019-8,2019-14 I.R.B. 923,"Table 5, Rate Under Section 7520 for April 2019",https://www.irs.gov/pub/irs-irbs/irb19-14.pdf,
2019,5,2.8,Rev. Rul. 2019-12,2019-19 I.R.B. 1081,"Table 5, Rate Under Section 7520 for May 2019",https://www.irs.gov/pub/irs-irbs/irb19-19.pdf,
2019,6,2.8,Rev. Rul. 2019-14,2019-23 I.R.B. 1275,"Table 5, Rate Under Section 7520 for June 2019",https://www.irs.gov/pub/irs-irbs/irb19-23.pdf,
2019,7,2.6,Rev. Rul. 2019-16,2019-28 I.R.B. 96,"Table 5, Rate Under Section 7520 for July 2019",https://www.irs.gov/pub/irs-irbs/irb19-28.pdf,
2019,8,2.2,Rev. Rul. 2019-17,2019-32 I.R.B. 583,"Table 5, Rate Under Section 7520 for August 2019",https://www.irs.gov/pub/irs-irbs/irb19-32.pdf,
2019,9,2.2,Rev. Rul. 2019-20,2019-36 I.R.B. 675,"Table 5, Rate Under Section 7520 for September 2019",https://www.irs.gov/pub/irs-irbs/irb19-36.pdf,
2019,10,1.8,Rev. Rul. 2019-23,2019-41 I.R.B. 807,"Table 5, Rate Under Section 7520 for October 2019",https://www.irs.gov/pub/irs-irbs/irb19-41.pdf,
2019,11,2.0,Rev. Rul. 2019-25,2019-45 I.R.B. 1042,"Table 5, Rate Under Section 7520 for November 2019",https://www.irs.gov/pub/irs-irbs/irb19-45.pdf,
2019,12,2.0,Rev. Rul. 2019-26,2019-49 I.R.B. 1286,"Table 5, Rate Under Section 7520 for December 2019",https://www.irs.gov/pub/irs-irbs/irb19-49.pdf,
2020,1,2.0,Rev. Rul. 2020-1,2020-03 I.R.B. 296,"Table 5, Rate Under Section 7520 for January 2020",https://www.irs.gov/pub/irs-irbs/irb20-03.pdf,
2020,2,2.2,Rev. Rul. 2020-3,2020-07 I.R.B. 409,"Table 5, Rate Under Section 7520 for February 2020",https://www.irs.gov/pub/irs-irbs/irb20-07.pdf,
2020,3,1.8,Rev. Rul. 2020-6,2020-11 I.R.B. 490,"Table 5, Rate Under Section 7520 for March 2020",https://www.irs.gov/pub/irs-irbs/irb20-11.pdf,
2020,4,1.2,Rev. Rul. 2020-9,2020-15 I.R.B. 563,"Table 5, Rate Under Section 7520 for April 2020",https://www.irs.gov/pub/irs-irbs/irb20-15.pdf,
2020,5,0.8,Rev. Rul. 2020-11,2020-19 I.R.B. 776,"Table 5, Rate Under Section 7520 for May 2020",https://www.irs.gov/pub/irs-irbs/irb20-19.pdf,
2020,6,0.6,Rev. Rul. 2020-12,2020-24 I.R.B. 928,"Table 5, Rate Under Section 7520 for June 2020",https://www.irs.gov/pub/irs-irbs/irb20-24.pdf,
2020,7,0.6,Rev. Rul. 2020-14,2020-28 I.R.B. 33,"Table 5, Rate Under Section 7520 for July 2020",https://www.irs.gov/pub/irs-irbs/irb20-28.pdf,
2020,8,0.4,Rev. Rul. 2020-15,2020-32 I.R.B. 233,"Table 5, Rate Under Section 7520 for August 2020",https://www.irs.gov/pub/irs-irbs/irb20-32.pdf,
2020,9,0.4,Rev. Rul. 2020-16,2020-37 I.R.B. 550,"Table 5, Rate Under Section 7520 for September 2020",https://www.irs.gov/pub/irs-irbs/irb20-37.pdf,
2020,10,0.4,Rev. Rul. 2020-20,2020-41 I.R.B. 880,"Table 5, Rate Under Section 7520 for October 2020",https://www.irs.gov/pub/irs-irbs/irb20-41.pdf,
2020,11,0.4,Rev. Rul. 2020-22,2020-45 I.R.B. 963,"Table 5, Rate Under Section 7520 for November 2020",https://www.irs.gov/pub/irs-irbs/irb20-45.pdf,
2020,12,0.6,Rev. Rul. 2020-26,2020-50 I.R.B. 1550,"Table 5, Rate Under Section 7520 for December 2020",https://www.irs.gov/pub/irs-irbs/irb20-50.pdf,
2021,1,0.6,Rev. Rul. 2021-1,2021-02 I.R.B. 294,"Table 5, Rate Under Section 7520 for January 2021",https://www.irs.gov/pub/irs-irbs/irb21-02.pdf,
2021,2,0.6,Rev. Rul. 2021-4,2021-06 I.R.B. 724,"Table 5, Rate Under Section 7520 for February 2021",https://www.irs.gov/pub/irs-irbs/irb21-06.pdf,
2021,3,0.8,Rev. Rul. 2021-5,2021-10 I.R.B. 896,"Table 5, Rate Under Section 7520 for March 2021",https://www.irs.gov/pub/irs-irbs/irb21-10.pdf,
2021,4,1.0,Rev. Rul. 2021-7,2021-14 I.R.B. 982,"Table 5, Rate Under Section 7520 for April 2021",https://www.irs.gov/pub/irs-irbs/irb21-14.pdf,
2021,5,1.2,Rev. Rul. 2021-8,2021-18 I.R.B. 1120,"Table 5, Rate Under Section 7520 for May 2021",https://www.irs.gov/pub/irs-irbs/irb21-18.pdf,
2021,6,1.2,Rev. Rul. 2021-9,2021-23 I.R.B. 1171,"Table 5, Rate Under Section 7520 for June 2021",https://www.irs.gov/pub/irs-irbs/irb21-23.pdf,
2021,7,1.2,Rev. Rul. 2021-12,2021-27 I.R.B. 1,"Table 5, Rate Under Section 7520 for July 2021",https://www.irs.gov/pub/irs-irbs/irb21-27.pdf,
2021,8,1.2,Rev. Rul. 2021-14,2021-31 I.R.B. 164,"Table 5, Rate Under Section 7520 for August 2021",https://www.irs.gov/pub/irs-irbs/irb21-31.pdf,
2021,9,1.0,Rev. Rul. 2021-16,2021-36 I.R.B. 359,"Table 5, Rate Under Section 7520 for September 2021",https://www.irs.gov/pub/irs-irbs/irb21-36.pdf,
2021,10,1.0,Rev. Rul. 2021-18,2021-40 I.R.B. 447,"Table 5, Rate Under Section 7520 for October 2021",https://www.irs.gov/pub/irs-irbs/irb21-40.pdf,
2021,11,1.4,Rev. Rul. 2021-21,2021-44 I.R.B. 704,"Table 5, Rate Under Section 7520 for November 2021",https://www.irs.gov/pub/irs-irbs/irb21-44.pdf,
2021,12,1.6,Rev. Rul. 2021-23,2021-49 I.R.B. 779,"Table 5, Rate Under Section 7520 for December 2021",https://www.irs.gov/pub/irs-irbs/irb21-49.pdf,
2022,1,1.6,Rev. Rul. 2022-1,2022-02 I.R.B. 301,"Table 5, Rate Under Section 7520 for January 2022",https://www.irs.gov/pub/irs-irbs/irb22-02.pdf,
2022,2,1.6,Rev. Rul. 2022-3,2022-06 I.R.B. 467,"Table 5, Rate Under Section 7520 for February 2022",https://www.irs.gov/pub/irs-irbs/irb22-06.pdf,
2022,3,2.0,Rev. Rul. 2022-4,2022-10 I.R.B. 790,"Table 5, Rate Under Section 7520 for March 2022",https://www.irs.gov/pub/irs-irbs/irb22-10.pdf,
2022,4,2.2,Rev. Rul. 2022-8,2022-14 I.R.B. 936,"Table 5, Rate Under Section 7520 for April 2022",https://www.irs.gov/pub/irs-irbs/irb22-14.pdf,
2022,5,3.0,Rev. Rul. 2022-9,2022-18 I.R.B. 1041,"Table 5, Rate Under Section 7520 for May 2022",https://www.irs.gov/pub/irs-irbs/irb22-18.pdf,
2022,6,3.6,Rev. Rul. 2022-10,2022-23 I.R.B. 1157,"Table 5, Rate Under Section 7520 for June 2022",https://www.irs.gov/pub/irs-irbs/irb22-23.pdf,
2022,7,3.6,Rev. Rul. 2022-12,2022-27 I.R.B. 1,"Table 5, Rate Under Section 7520 for July 2022",https://www.irs.gov/pub/irs-irbs/irb22-27.pdf,
2022,8,3.8,Rev. Rul. 2022-14,2022-31 I.R.B. 110,"Table 5, Rate Under Section 7520 for August 2022",https://www.irs.gov/pub/irs-irbs/irb22-31.pdf,
2022,9,3.6,Rev. Rul. 2022-17,2022-36 I.R.B. 182,"Table 5, Rate Under Section 7520 for September 2022",https://www.irs.gov/pub/irs-irbs/irb22-36.pdf,
2022,10,4.0,Rev. Rul. 2022-18,2022-40 I.R.B. 262,"Table 5, Rate Under Section 7520 for October 2022",https://www.irs.gov/pub/irs-irbs/irb22-40.pdf,
2022,11,4.8,Rev. Rul. 2022-20,2022-45 I.R.B. 407,"Table 5, Rate Under Section 7520 for November 2022",https://www.irs.gov/pub/irs-irbs/irb22-45.pdf,
2022,12,5.2,Rev. Rul. 2022-22,2022-49 I.R.B. 500,"Table 5, Rate Under Section 7520 for December 2022",https://www.irs.gov/pub/irs-irbs/irb22-49.pdf,
2023,1,4.6,Rev. Rul. 2023-1,2023-02 I.R.B. 309,"Table 5, Rate Under Section 7520 for January 2023",https://www.irs.gov/pub/irs-irbs/irb23-02.pdf,
2023,2,4.6,Rev. Rul. 2023-3,2023-06 I.R.B. 448,"Table 5, Rate Under Section 7520 for February 2023",https://www.irs.gov/pub/irs-irbs/irb23-06.pdf,
2023,3,4.4,Rev. Rul. 2023-5,2023-10 I.R.B. 503,"Table 5, Rate Under Section 7520 for March 2023",https://www.irs.gov/pub/irs-irbs/irb23-10.pdf,
2023,4,5.0,Rev. Rul. 2023-6,2023-14 I.R.B. 627,"Table 5, Rate Under Section 7520 for April 2023",https://www.irs.gov/pub/irs-irbs/irb23-14.pdf,
2023,5,4.4,Rev. Rul. 2023-9,2023-19 I.R.B. 835,"Table 5, Rate Under Section 7520 for May 2023",https://www.irs.gov/pub/irs-irbs/irb23-19.pdf,
2023,6,4.2,Rev. Rul. 2023-10,2023-23 I.R.B. 884,"Table 5, Rate Under Section 7520 for June 2023",https://www.irs.gov/pub/irs-irbs/irb23-23.pdf,
2023,7,4.6,Rev. Rul. 2023-12,2023-27 I.R.B. 1111,"Table 5, Rate Under Section 7520 for July 2023",https://www.irs.gov/pub/irs-irbs/irb23-27.pdf,
2023,8,5.0,Rev. Rul. 2023-13,2023-32 I.R.B. 413,"Table 5, Rate Under Section 7520 for August 2023",https://www.irs.gov/pub/irs-irbs/irb23-32.pdf,
2023,9,5.0,Rev. Rul. 2023-16,2023-37 I.R.B. 796,"Table 5, Rate Under Section 7520 for September 2023",https://www.irs.gov/pub/irs-irbs/irb23-37.pdf,
2023,10,5.4,Rev. Rul. 2023-18,2023-40 I.R.B. 972,"Table 5, Rate Under Section 7520 for October 2023",https://www.irs.gov/pub/irs-irbs/irb23-40.pdf,
2023,11,5.6,Rev. Rul. 2023-20,2023-45 I.R.B. 1221,"Table 5, Rate Under Section 7520 for November 2023",https://www.irs.gov/pub/irs-irbs/irb23-45.pdf,
2023,12,5.8,Rev. Rul. 2023-21,2023-49 I.R.B. 1299,"Table 5, Rate Under Section 7520 for December 2023",https://www.irs.gov/pub/irs-irbs/irb23-49.pdf,
2024,1,5.2,Rev. Rul. 2024-2,2024-02 I.R.B. 311,"Table 5, Rate Under Section 7520 for January 2024",https://www.irs.gov/pub/irs-irbs/irb24-02.pdf,
2024,2,4.8,Rev. Rul. 2024-3,2024-06 I.R.B. 646,"Table 5, Rate Under Section 7520 for February 2024",https://www.irs.gov/pub/irs-irbs/irb24-06.pdf,
2024,3,5.0,Rev. Rul. 2024-4,2024-10 I.R.B. 686,"Table 5, Rate Under Section 7520 for March 2024",https://www.irs.gov/pub/irs-irbs/irb24-10.pdf,
2024,4,5.2,Rev. Rul. 2024-7,2024-14 I.R.B. 749,"Table 5, Rate Under Section 7520 for April 2024",https://www.irs.gov/pub/irs-irbs/irb24-14.pdf,
2024,5,5.4,Rev. Rul. 2024-9,2024-19 I.R.B. 964,"Table 5, Rate Under Section 7520 for May 2024",https://www.irs.gov/pub/irs-irbs/irb24-19.pdf,
2024,6,5.6,Rev. Rul. 2024-12,2024-25 I.R.B. 1677,"Table 5, Rate Under Section 7520 for June 2024",https://www.irs.gov/pub/irs-irbs/irb24-25.pdf,
2024,7,5.4,Rev. Rul. 2024-13,2024-28 I.R.B. 18,"Table 5, Rate Under Section 7520 for July 2024",https://www.irs.gov/pub/irs-irbs/irb24-28.pdf,
2024,8,5.2,Rev. Rul. 2024-15,2024-32 I.R.B. 340,"Table 5, Rate Under Section 7520 for August 2024",https://www.irs.gov/pub/irs-irbs/irb24-32.pdf,
2024,9,4.8,Rev. Rul. 2024-17,2024-36 I.R.B. 568,"Table 5, Rate Under Section 7520 for September 2024",https://www.irs.gov/pub/irs-irbs/irb24-36.pdf,
2024,10,4.4,Rev. Rul. 2024-21,2024-41 I.R.B. 724,"Table 5, Rate Under Section 7520 for October 2024",https://www.irs.gov/pub/irs-irbs/irb24-41.pdf,
2024,11,4.4,Rev. Rul. 2024-24,2024-45 I.R.B. 1086,"Table 5, Rate Under Section 7520 for November 2024",https://www.irs.gov/pub/irs-irbs/irb24-45.pdf,
2024,12,5.0,Rev. Rul. 2024-26,2024-49 I.R.B. 1201,"Table 5, Rate Under Section 7520 for December 2024",https://www.irs.gov/pub/irs-irbs/irb24-49.pdf,
2025,1,5.2,Rev. Rul. 2025-1,2025-03 I.R.B. 307,"Table 5, Rate Under Section 7520 for January 2025",https://www.irs.gov/pub/irs-irbs/irb25-03.pdf,
2025,2,5.4,Rev. Rul. 2025-5,2025-07 I.R.B. 767,"Table 5, Rate Under Section 7520 for February 2025",https://www.irs.gov/pub/irs-irbs/irb25-07.pdf,
2025,3,5.4,Rev. Rul. 2025-6,2025-11 I.R.B. 1064,"Table 5, Rate Under Section 7520 for March 2025",https://www.irs.gov/pub/irs-irbs/irb25-11.pdf,
2025,4,5.0,Rev. Rul. 2025-8,2025-15 I.R.B. 1390,"Table 5, Rate Under Section 7520 for April 2025",https://www.irs.gov/pub/irs-irbs/irb25-15.pdf,
2025,5,5.0,Rev. Rul. 2025-10,2025-19 I.R.B. 1421,"Table 5, Rate Under Section 7520 for May 2025",https://www.irs.gov/pub/irs-irbs/irb25-19.pdf,
2025,6,5.0,Rev. Rul. 2025-12,2025-23 I.R.B. 1471,"Table 5, Rate Under Section 7520 for June 2025",https://www.irs.gov/pub/irs-irbs/irb25-23.pdf,
2025,7,5.0,Rev. Rul. 2025-13,2025-28 I.R.B. 11,"Table 5, Rate Under Section 7520 for July 2025",https://www.irs.gov/pub/irs-irbs/irb25-28.pdf,
2025,8,4.8,Rev. Rul. 2025-14,2025-32 I.R.B. 300,"Table 5, Rate Under Section 7520 for August 2025",https://www.irs.gov/pub/irs-irbs/irb25-32.pdf,
2025,9,4.8,Rev. Rul. 2025-17,2025-36 I.R.B. 349,"Table 5, Rate Under Section 7520 for September 2025",https://www.irs.gov/pub/irs-irbs/irb25-36.pdf,
2025,10,4.6,Rev. Rul. 2025-19,2025-41 I.R.B. 445,"Table 5, Rate Under Section 7520 for October 2025",https://www.irs.gov/pub/irs-irbs/irb25-41.pdf,
2025,11,4.6,Rev. Rul. 2025-21,2025-45 I.R.B. 690,"Table 5, Rate Under Section 7520 for November 2025",https://www.irs.gov/pub/irs-irbs/irb25-45.pdf,
2025,12,4.6,Rev. Rul. 2025-24,2025-50 I.R.B. 764,"Table 5, Rate Under Section 7520 for December 2025",https://www.irs.gov/pub/irs-irbs/irb25-50.pdf,
2026,1,4.6,Rev. Rul. 2026-2,2026-03 I.R.B. 342,"Table 5, Rate Under Section 7520 for January 2026",https://www.irs.gov/pub/irs-irbs/irb26-03.pdf,
2026,2,4.6,Rev. Rul. 2026-3,2026-06 I.R.B. 485,"Table 5, Rate Under Section 7520 for February 2026",https://www.irs.gov/pub/irs-irbs/irb26-06.pdf,
2026,3,4.8,Rev. Rul. 2026-6,2026-11 I.R.B. 635,"Table 5, Rate Under Section 7520 for March 2026",https://www.irs.gov/pub/irs-irbs/irb26-11.pdf,
2026,4,4.6,Rev. Rul. 2026-7,2026-15 I.R.B. 791,"Table 5, Rate Under Section 7520 for April 2026",https://www.irs.gov/pub/irs-irbs/irb26-15.pdf,
2026,5,5.0,Rev. Rul. 2026-9,2026-19 I.R.B. 897,"Table 5, Rate Under Section 7520 for May 2026",https://www.irs.gov/pub/irs-irbs/irb26-19.pdf,
2026,6,5.0,Rev. Rul. 2026-11,2026-24 I.R.B. 1570,"Table 5, Rate Under Section 7520 for June 2026",https://www.irs.gov/pub/irs-irbs/irb26-24.pdf,
2026,7,5.2,Rev. Rul. 2026-12,2026-28 I.R.B. 27,"Table 5, Rate Under Section 7520 for July 2026",https://www.irs.gov/pub/irs-irbs/irb26-28.pdf,
2026,8,5.2,Rev. Rul. 2026-13,2026-32 I.R.B. 132,"Table 5, Rate Under Section 7520 for August 2026",https://www.irs.gov/pub/irs-irbs/irb26-32.pdf,
2026,9,5.4,Rev. Rul. 2026-17,2026-37 I.R.B. 247,"Table 5, Rate Under Section 7520 for September 2026",https://www.irs.gov/pub/irs-irbs/irb26-37.pdf,
2026,10,5.6,Rev. Rul. 2026-19,not yet in an I.R.B. issue (irs-drop release),"Table 5, Rate Under Section 7520 for October 2026",https://www.irs.gov/pub/irs-drop/rr-26-19.pdf,
